{
 "cwaopendata": {
  "@xmlns": "urn:cwa:gov:tw:cwacommon:0.1",
  "identifier": "5011f868-63f9-8e71-cf5b-78e7e1173bab",
  "sender": "weather@cwa.gov.tw",
  "sent": "2025-04-15T05:00:02+08:00",
  "status": "Actual",
  "msgType": "Issue",
  "source": "MFC",
  "dataid": "C0032-001",
  "scope": "Public",
  "dataset": {
   "datasetInfo": {
    "datasetDescription": "三十六小時天氣預報",
    "issueTime": "2025-04-15T05:00:00+08:00",
    "update": "2025-04-15T05:00:02+08:00"
   },
   "location": [
    {
     "locationName": "臺北市",
     "weatherElement": [
      {
       "elementName": "Wx",
       "time": [
        {
         "startTime": "2025-04-15T06:00:00+08:00",
         "endTime": "2025-04-15T18:00:00+08:00",
         "parameter": {
          "parameterName": "晴時多雲",
          "parameterValue": "2"
         }
        },
        {
         "startTime": "2025-04-15T18:00:00+08:00",
         "endTime": "2025-04-16T06:00:00+08:00",
         "parameter": {
          "parameterName": "晴時多雲",
          "parameterValue": "2"
         }
        },
        {
         "startTime": "2025-04-16T06:00:00+08:00",
         "endTime": "2025-04-16T18:00:00+08:00",
         "parameter": {
          "parameterName": "晴時多雲",
          "parameterValue": "2"
         }
        }
       ]
      },
      {
       "elementName": "MaxT",
       "time": [
        {
         "startTime": "2025-04-15T06:00:00+08:00",
         "endTime": "2025-04-15T18:00:00+08:00",
         "parameter": {
          "parameterName": "26",
          "parameterUnit": "C"
         }
        },
        {
         "startTime": "2025-04-15T18:00:00+08:00",
         "endTime": "2025-04-16T06:00:00+08:00",
         "parameter": {
          "parameterName": "23",
          "parameterUnit": "C"
         }
        },
        {
         "startTime": "2025-04-16T06:00:00+08:00",
         "endTime": "2025-04-16T18:00:00+08:00",
         "parameter": {
          "parameterName": "30",
          "parameterUnit": "C"
         }
        }
       ]
      },
      {
       "elementName": "MinT",
       "time": [
        {
         "startTime": "2025-04-15T06:00:00+08:00",
         "endTime": "2025-04-15T18:00:00+08:00",
         "parameter": {
          "parameterName": "18",
          "parameterUnit": "C"
         }
        },
        {
         "startTime": "2025-04-15T18:00:00+08:00",
         "endTime": "2025-04-16T06:00:00+08:00",
         "parameter": {
          "parameterName": "17",
          "parameterUnit": "C"
         }
        },
        {
         "startTime": "2025-04-16T06:00:00+08:00",
         "endTime": "2025-04-16T18:00:00+08:00",
         "parameter": {
          "parameterName": "17",
          "parameterUnit": "C"
         }
        }
       ]
      },
      {
       "elementName": "CI",
       "time": [
        {
         "startTime": "2025-04-15T06:00:00+08:00",
         "endTime": "2025-04-15T18:00:00+08:00",
         "parameter": {
          "parameterName": "稍有寒意至舒適"
         }
        },
        {
         "startTime": "2025-04-15T18:00:00+08:00",
         "endTime": "2025-04-16T06:00:00+08:00",
         "parameter": {
          "parameterName": "稍有寒意至舒適"
         }
        },
        {
         "startTime": "2025-04-16T06:00:00+08:00",
         "endTime": "2025-04-16T18:00:00+08:00",
         "parameter": {
          "parameterName": "稍有寒意至舒適"
         }
        }
       ]
      },
      {
       "elementName": "PoP",
       "time": [
        {
         "startTime": "2025-04-15T06:00:00+08:00",
         "endTime": "2025-04-15T18:00:00+08:00",
         "parameter": {
          "parameterName": "0",
          "parameterUnit": "百分比"
         }
        },
        {
         "startTime": "2025-04-15T18:00:00+08:00",
         "endTime": "2025-04-16T06:00:00+08:00",
         "parameter": {
          "parameterName": "0",
          "parameterUnit": "百分比"
         }
        },
        {
         "startTime": "2025-04-16T06:00:00+08:00",
         "endTime": "2025-04-16T18:00:00+08:00",
         "parameter": {
          "parameterName": "0",
          "parameterUnit": "百分比"
         }
        }
       ]
      }
     ]
    },
    {
     "locationName": "新北市",
     "weatherElement": [
      {
       "elementName": "Wx",
       "time": [
        {
         "startTime": "2025-04-15T06:00:00+08:00",
         "endTime": "2025-04-15T18:00:00+08:00",
         "parameter": {
          "parameterName": "晴時多雲",
          "parameterValue": "2"
         }
        },
        {
         "startTime": "2025-04-15T18:00:00+08:00",
         "endTime": "2025-04-16T06:00:00+08:00",
         "parameter": {
          "parameterName": "晴時多雲",
          "parameterValue": "2"
         }
        },
        {
         "startTime": "2025-04-16T06:00:00+08:00",
         "endTime": "2025-04-16T18:00:00+08:00",
         "parameter": {
          "parameterName": "多雲時晴",
          "parameterValue": "3"
         }
        }
       ]
      },
      {
       "elementName": "MaxT",
       "time": [
        {
         "startTime": "2025-04-15T06:00:00+08:00",
         "endTime": "2025-04-15T18:00:00+08:00",
         "parameter": {
          "parameterName": "26",
          "parameterUnit": "C"
         }
        },
        {
         "startTime": "2025-04-15T18:00:00+08:00",
         "endTime": "2025-04-16T06:00:00+08:00",
         "parameter": {
          "parameterName": "22",
          "parameterUnit": "C"
         }
        },
        {
         "startTime": "2025-04-16T06:00:00+08:00",
         "endTime": "2025-04-16T18:00:00+08:00",
         "parameter": {
          "parameterName": "29",
          "parameterUnit": "C"
         }
        }
       ]
      },
      {
       "elementName": "MinT",
       "time": [
        {
         "startTime": "2025-04-15T06:00:00+08:00",
         "endTime": "2025-04-15T18:00:00+08:00",
         "parameter": {
          "parameterName": "18",
          "parameterUnit": "C"
         }
        },
        {
         "startTime": "2025-04-15T18:00:00+08:00",
         "endTime": "2025-04-16T06:00:00+08:00",
         "parameter": {
          "parameterName": "16",
          "parameterUnit": "C"
         }
        },
        {
         "startTime": "2025-04-16T06:00:00+08:00",
         "endTime": "2025-04-16T18:00:00+08:00",
         "parameter": {
          "parameterName": "16",
          "parameterUnit": "C"
         }
        }
       ]
      },
      {
       "elementName": "CI",
       "time": [
        {
         "startTime": "2025-04-15T06:00:00+08:00",
         "endTime": "2025-04-15T18:00:00+08:00",
         "parameter": {
          "parameterName": "稍有寒意至舒適"
         }
        },
        {
         "startTime": "2025-04-15T18:00:00+08:00",
         "endTime": "2025-04-16T06:00:00+08:00",
         "parameter": {
          "parameterName": "稍有寒意至舒適"
         }
        },
        {
         "startTime": "2025-04-16T06:00:00+08:00",
         "endTime": "2025-04-16T18:00:00+08:00",
         "parameter": {
          "parameterName": "稍有寒意至舒適"
         }
        }
       ]
      },
      {
       "elementName": "PoP",
       "time": [
        {
         "startTime": "2025-04-15T06:00:00+08:00",
         "endTime": "2025-04-15T18:00:00+08:00",
         "parameter": {
          "parameterName": "0",
          "parameterUnit": "百分比"
         }
        },
        {
         "startTime": "2025-04-15T18:00:00+08:00",
         "endTime": "2025-04-16T06:00:00+08:00",
         "parameter": {
          "parameterName": "0",
          "parameterUnit": "百分比"
         }
        },
        {
         "startTime": "2025-04-16T06:00:00+08:00",
         "endTime": "2025-04-16T18:00:00+08:00",
         "parameter": {
          "parameterName": "0",
          "parameterUnit": "百分比"
         }
        }
       ]
      }
     ]
    },
    {
     "locationName": "桃園市",
     "weatherElement": [
      {
       "elementName": "Wx",
       "time": [
        {
         "startTime": "2025-04-15T06:00:00+08:00",
         "endTime": "2025-04-15T18:00:00+08:00",
         "parameter": {
          "parameterName": "晴時多雲",
          "parameterValue": "2"
         }
        },
        {
         "startTime": "2025-04-15T18:00:00+08:00",
         "endTime": "2025-04-16T06:00:00+08:00",
         "parameter": {
          "parameterName": "晴時多雲",
          "parameterValue": "2"
         }
        },
        {
         "startTime": "2025-04-16T06:00:00+08:00",
         "endTime": "2025-04-16T18:00:00+08:00",
         "parameter": {
          "parameterName": "晴時多雲",
          "parameterValue": "2"
         }
        }
       ]
      },
      {
       "elementName": "MaxT",
       "time": [
        {
         "startTime": "2025-04-15T06:00:00+08:00",
         "endTime": "2025-04-15T18:00:00+08:00",
         "parameter": {
          "parameterName": "26",
          "parameterUnit": "C"
         }
        },
        {
         "startTime": "2025-04-15T18:00:00+08:00",
         "endTime": "2025-04-16T06:00:00+08:00",
         "parameter": {
          "parameterName": "22",
          "parameterUnit": "C"
         }
        },
        {
         "startTime": "2025-04-16T06:00:00+08:00",
         "endTime": "2025-04-16T18:00:00+08:00",
         "parameter": {
          "parameterName": "28",
          "parameterUnit": "C"
         }
        }
       ]
      },
      {
       "elementName": "MinT",
       "time": [
        {
         "startTime": "2025-04-15T06:00:00+08:00",
         "endTime": "2025-04-15T18:00:00+08:00",
         "parameter": {
          "parameterName": "18",
          "parameterUnit": "C"
         }
        },
        {
         "startTime": "2025-04-15T18:00:00+08:00",
         "endTime": "2025-04-16T06:00:00+08:00",
         "parameter": {
          "parameterName": "16",
          "parameterUnit": "C"
         }
        },
        {
         "startTime": "2025-04-16T06:00:00+08:00",
         "endTime": "2025-04-16T18:00:00+08:00",
         "parameter": {
          "parameterName": "16",
          "parameterUnit": "C"
         }
        }
       ]
      },
      {
       "elementName": "CI",
       "time": [
        {
         "startTime": "2025-04-15T06:00:00+08:00",
         "endTime": "2025-04-15T18:00:00+08:00",
         "parameter": {
          "parameterName": "稍有寒意至舒適"
         }
        },
        {
         "startTime": "2025-04-15T18:00:00+08:00",
         "endTime": "2025-04-16T06:00:00+08:00",
         "parameter": {
          "parameterName": "寒冷至舒適"
         }
        },
        {
         "startTime": "2025-04-16T06:00:00+08:00",
         "endTime": "2025-04-16T18:00:00+08:00",
         "parameter": {
          "parameterName": "寒冷至舒適"
         }
        }
       ]
      },
      {
       "elementName": "PoP",
       "time": [
        {
         "startTime": "2025-04-15T06:00:00+08:00",
         "endTime": "2025-04-15T18:00:00+08:00",
         "parameter": {
          "parameterName": "0",
          "parameterUnit": "百分比"
         }
        },
        {
         "startTime": "2025-04-15T18:00:00+08:00",
         "endTime": "2025-04-16T06:00:00+08:00",
         "parameter": {
          "parameterName": "0",
          "parameterUnit": "百分比"
         }
        },
        {
         "startTime": "2025-04-16T06:00:00+08:00",
         "endTime": "2025-04-16T18:00:00+08:00",
         "parameter": {
          "parameterName": "0",
          "parameterUnit": "百分比"
         }
        }
       ]
      }
     ]
    },
    {
     "locationName": "臺中市",
     "weatherElement": [
      {
       "elementName": "Wx",
       "time": [
        {
         "startTime": "2025-04-15T06:00:00+08:00",
         "endTime": "2025-04-15T18:00:00+08:00",
         "parameter": {
          "parameterName": "晴時多雲",
          "parameterValue": "2"
         }
        },
        {
         "startTime": "2025-04-15T18:00:00+08:00",
         "endTime": "2025-04-16T06:00:00+08:00",
         "parameter": {
          "parameterName": "晴時多雲",
          "parameterValue": "2"
         }
        },
        {
         "startTime": "2025-04-16T06:00:00+08:00",
         "endTime": "2025-04-16T18:00:00+08:00",
         "parameter": {
          "parameterName": "多雲時晴",
          "parameterValue": "3"
         }
        }
       ]
      },
      {
       "elementName": "MaxT",
       "time": [
        {
         "startTime": "2025-04-15T06:00:00+08:00",
         "endTime": "2025-04-15T18:00:00+08:00",
         "parameter": {
          "parameterName": "29",
          "parameterUnit": "C"
         }
        },
        {
         "startTime": "2025-04-15T18:00:00+08:00",
         "endTime": "2025-04-16T06:00:00+08:00",
         "parameter": {
          "parameterName": "25",
          "parameterUnit": "C"
         }
        },
        {
         "startTime": "2025-04-16T06:00:00+08:00",
         "endTime": "2025-04-16T18:00:00+08:00",
         "parameter": {
          "parameterName": "29",
          "parameterUnit": "C"
         }
        }
       ]
      },
      {
       "elementName": "MinT",
       "time": [
        {
         "startTime": "2025-04-15T06:00:00+08:00",
         "endTime": "2025-04-15T18:00:00+08:00",
         "parameter": {
          "parameterName": "17",
          "parameterUnit": "C"
         }
        },
        {
         "startTime": "2025-04-15T18:00:00+08:00",
         "endTime": "2025-04-16T06:00:00+08:00",
         "parameter": {
          "parameterName": "17",
          "parameterUnit": "C"
         }
        },
        {
         "startTime": "2025-04-16T06:00:00+08:00",
         "endTime": "2025-04-16T18:00:00+08:00",
         "parameter": {
          "parameterName": "17",
          "parameterUnit": "C"
         }
        }
       ]
      },
      {
       "elementName": "CI",
       "time": [
        {
         "startTime": "2025-04-15T06:00:00+08:00",
         "endTime": "2025-04-15T18:00:00+08:00",
         "parameter": {
          "parameterName": "稍有寒意至舒適"
         }
        },
        {
         "startTime": "2025-04-15T18:00:00+08:00",
         "endTime": "2025-04-16T06:00:00+08:00",
         "parameter": {
          "parameterName": "稍有寒意至舒適"
         }
        },
        {
         "startTime": "2025-04-16T06:00:00+08:00",
         "endTime": "2025-04-16T18:00:00+08:00",
         "parameter": {
          "parameterName": "稍有寒意至舒適"
         }
        }
       ]
      },
      {
       "elementName": "PoP",
       "time": [
        {
         "startTime": "2025-04-15T06:00:00+08:00",
         "endTime": "2025-04-15T18:00:00+08:00",
         "parameter": {
          "parameterName": "0",
          "parameterUnit": "百分比"
         }
        },
        {
         "startTime": "2025-04-15T18:00:00+08:00",
         "endTime": "2025-04-16T06:00:00+08:00",
         "parameter": {
          "parameterName": "0",
          "parameterUnit": "百分比"
         }
        },
        {
         "startTime": "2025-04-16T06:00:00+08:00",
         "endTime": "2025-04-16T18:00:00+08:00",
         "parameter": {
          "parameterName": "0",
          "parameterUnit": "百分比"
         }
        }
       ]
      }
     ]
    },
    {
     "locationName": "臺南市",
     "weatherElement": [
      {
       "elementName": "Wx",
       "time": [
        {
         "startTime": "2025-04-15T06:00:00+08:00",
         "endTime": "2025-04-15T18:00:00+08:00",
         "parameter": {
          "parameterName": "晴時多雲",
          "parameterValue": "2"
         }
        },
        {
         "startTime": "2025-04-15T18:00:00+08:00",
         "endTime": "2025-04-16T06:00:00+08:00",
         "parameter": {
          "parameterName": "晴時多雲",
          "parameterValue": "2"
         }
        },
        {
         "startTime": "2025-04-16T06:00:00+08:00",
         "endTime": "2025-04-16T18:00:00+08:00",
         "parameter": {
          "parameterName": "晴時多雲",
          "parameterValue": "2"
         }
        }
       ]
      },
      {
       "elementName": "MaxT",
       "time": [
        {
         "startTime": "2025-04-15T06:00:00+08:00",
         "endTime": "2025-04-15T18:00:00+08:00",
         "parameter": {
          "parameterName": "30",
          "parameterUnit": "C"
         }
        },
        {
         "startTime": "2025-04-15T18:00:00+08:00",
         "endTime": "2025-04-16T06:00:00+08:00",
         "parameter": {
          "parameterName": "26",
          "parameterUnit": "C"
         }
        },
        {
         "startTime": "2025-04-16T06:00:00+08:00",
         "endTime": "2025-04-16T18:00:00+08:00",
         "parameter": {
          "parameterName": "29",
          "parameterUnit": "C"
         }
        }
       ]
      },
      {
       "elementName": "MinT",
       "time": [
        {
         "startTime": "2025-04-15T06:00:00+08:00",
         "endTime": "2025-04-15T18:00:00+08:00",
         "parameter": {
          "parameterName": "19",
          "parameterUnit": "C"
         }
        },
        {
         "startTime": "2025-04-15T18:00:00+08:00",
         "endTime": "2025-04-16T06:00:00+08:00",
         "parameter": {
          "parameterName": "21",
          "parameterUnit": "C"
         }
        },
        {
         "startTime": "2025-04-16T06:00:00+08:00",
         "endTime": "2025-04-16T18:00:00+08:00",
         "parameter": {
          "parameterName": "21",
          "parameterUnit": "C"
         }
        }
       ]
      },
      {
       "elementName": "CI",
       "time": [
        {
         "startTime": "2025-04-15T06:00:00+08:00",
         "endTime": "2025-04-15T18:00:00+08:00",
         "parameter": {
          "parameterName": "稍有寒意至舒適"
         }
        },
        {
         "startTime": "2025-04-15T18:00:00+08:00",
         "endTime": "2025-04-16T06:00:00+08:00",
         "parameter": {
          "parameterName": "舒適"
         }
        },
        {
         "startTime": "2025-04-16T06:00:00+08:00",
         "endTime": "2025-04-16T18:00:00+08:00",
         "parameter": {
          "parameterName": "舒適"
         }
        }
       ]
      },
      {
       "elementName": "PoP",
       "time": [
        {
         "startTime": "2025-04-15T06:00:00+08:00",
         "endTime": "2025-04-15T18:00:00+08:00",
         "parameter": {
          "parameterName": "0",
          "parameterUnit": "百分比"
         }
        },
        {
         "startTime": "2025-04-15T18:00:00+08:00",
         "endTime": "2025-04-16T06:00:00+08:00",
         "parameter": {
          "parameterName": "0",
          "parameterUnit": "百分比"
         }
        },
        {
         "startTime": "2025-04-16T06:00:00+08:00",
         "endTime": "2025-04-16T18:00:00+08:00",
         "parameter": {
          "parameterName": "0",
          "parameterUnit": "百分比"
         }
        }
       ]
      }
     ]
    },
    {
     "locationName": "高雄市",
     "weatherElement": [
      {
       "elementName": "Wx",
       "time": [
        {
         "startTime": "2025-04-15T06:00:00+08:00",
         "endTime": "2025-04-15T18:00:00+08:00",
         "parameter": {
          "parameterName": "多雲",
          "parameterValue": "4"
         }
        },
        {
         "startTime": "2025-04-15T18:00:00+08:00",
         "endTime": "2025-04-16T06:00:00+08:00",
         "parameter": {
          "parameterName": "晴時多雲",
          "parameterValue": "2"
         }
        },
        {
         "startTime": "2025-04-16T06:00:00+08:00",
         "endTime": "2025-04-16T18:00:00+08:00",
         "parameter": {
          "parameterName": "晴時多雲",
          "parameterValue": "2"
         }
        }
       ]
      },
      {
       "elementName": "MaxT",
       "time": [
        {
         "startTime": "2025-04-15T06:00:00+08:00",
         "endTime": "2025-04-15T18:00:00+08:00",
         "parameter": {
          "parameterName": "30",
          "parameterUnit": "C"
         }
        },
        {
         "startTime": "2025-04-15T18:00:00+08:00",
         "endTime": "2025-04-16T06:00:00+08:00",
         "parameter": {
          "parameterName": "27",
          "parameterUnit": "C"
         }
        },
        {
         "startTime": "2025-04-16T06:00:00+08:00",
         "endTime": "2025-04-16T18:00:00+08:00",
         "parameter": {
          "parameterName": "29",
          "parameterUnit": "C"
         }
        }
       ]
      },
      {
       "elementName": "MinT",
       "time": [
        {
         "startTime": "2025-04-15T06:00:00+08:00",
         "endTime": "2025-04-15T18:00:00+08:00",
         "parameter": {
          "parameterName": "20",
          "parameterUnit": "C"
         }
        },
        {
         "startTime": "2025-04-15T18:00:00+08:00",
         "endTime": "2025-04-16T06:00:00+08:00",
         "parameter": {
          "parameterName": "22",
          "parameterUnit": "C"
         }
        },
        {
         "startTime": "2025-04-16T06:00:00+08:00",
         "endTime": "2025-04-16T18:00:00+08:00",
         "parameter": {
          "parameterName": "22",
          "parameterUnit": "C"
         }
        }
       ]
      },
      {
       "elementName": "CI",
       "time": [
        {
         "startTime": "2025-04-15T06:00:00+08:00",
         "endTime": "2025-04-15T18:00:00+08:00",
         "parameter": {
          "parameterName": "稍有寒意至舒適"
         }
        },
        {
         "startTime": "2025-04-15T18:00:00+08:00",
         "endTime": "2025-04-16T06:00:00+08:00",
         "parameter": {
          "parameterName": "舒適"
         }
        },
        {
         "startTime": "2025-04-16T06:00:00+08:00",
         "endTime": "2025-04-16T18:00:00+08:00",
         "parameter": {
          "parameterName": "舒適"
         }
        }
       ]
      },
      {
       "elementName": "PoP",
       "time": [
        {
         "startTime": "2025-04-15T06:00:00+08:00",
         "endTime": "2025-04-15T18:00:00+08:00",
         "parameter": {
          "parameterName": "0",
          "parameterUnit": "百分比"
         }
        },
        {
         "startTime": "2025-04-15T18:00:00+08:00",
         "endTime": "2025-04-16T06:00:00+08:00",
         "parameter": {
          "parameterName": "0",
          "parameterUnit": "百分比"
         }
        },
        {
         "startTime": "2025-04-16T06:00:00+08:00",
         "endTime": "2025-04-16T18:00:00+08:00",
         "parameter": {
          "parameterName": "0",
          "parameterUnit": "百分比"
         }
        }
       ]
      }
     ]
    },
    {
     "locationName": "基隆市",
     "weatherElement": [
      {
       "elementName": "Wx",
       "time": [
        {
         "startTime": "2025-04-15T06:00:00+08:00",
         "endTime": "2025-04-15T18:00:00+08:00",
         "parameter": {
          "parameterName": "晴時多雲",
          "parameterValue": "2"
         }
        },
        {
         "startTime": "2025-04-15T18:00:00+08:00",
         "endTime": "2025-04-16T06:00:00+08:00",
         "parameter": {
          "parameterName": "晴時多雲",
          "parameterValue": "2"
         }
        },
        {
         "startTime": "2025-04-16T06:00:00+08:00",
         "endTime": "2025-04-16T18:00:00+08:00",
         "parameter": {
          "parameterName": "晴時多雲",
          "parameterValue": "2"
         }
        }
       ]
      },
      {
       "elementName": "MaxT",
       "time": [
        {
         "startTime": "2025-04-15T06:00:00+08:00",
         "endTime": "2025-04-15T18:00:00+08:00",
         "parameter": {
          "parameterName": "24",
          "parameterUnit": "C"
         }
        },
        {
         "startTime": "2025-04-15T18:00:00+08:00",
         "endTime": "2025-04-16T06:00:00+08:00",
         "parameter": {
          "parameterName": "22",
          "parameterUnit": "C"
         }
        },
        {
         "startTime": "2025-04-16T06:00:00+08:00",
         "endTime": "2025-04-16T18:00:00+08:00",
         "parameter": {
          "parameterName": "27",
          "parameterUnit": "C"
         }
        }
       ]
      },
      {
       "elementName": "MinT",
       "time": [
        {
         "startTime": "2025-04-15T06:00:00+08:00",
         "endTime": "2025-04-15T18:00:00+08:00",
         "parameter": {
          "parameterName": "18",
          "parameterUnit": "C"
         }
        },
        {
         "startTime": "2025-04-15T18:00:00+08:00",
         "endTime": "2025-04-16T06:00:00+08:00",
         "parameter": {
          "parameterName": "17",
          "parameterUnit": "C"
         }
        },
        {
         "startTime": "2025-04-16T06:00:00+08:00",
         "endTime": "2025-04-16T18:00:00+08:00",
         "parameter": {
          "parameterName": "17",
          "parameterUnit": "C"
         }
        }
       ]
      },
      {
       "elementName": "CI",
       "time": [
        {
         "startTime": "2025-04-15T06:00:00+08:00",
         "endTime": "2025-04-15T18:00:00+08:00",
         "parameter": {
          "parameterName": "稍有寒意至舒適"
         }
        },
        {
         "startTime": "2025-04-15T18:00:00+08:00",
         "endTime": "2025-04-16T06:00:00+08:00",
         "parameter": {
          "parameterName": "稍有寒意至舒適"
         }
        },
        {
         "startTime": "2025-04-16T06:00:00+08:00",
         "endTime": "2025-04-16T18:00:00+08:00",
         "parameter": {
          "parameterName": "稍有寒意至舒適"
         }
        }
       ]
      },
      {
       "elementName": "PoP",
       "time": [
        {
         "startTime": "2025-04-15T06:00:00+08:00",
         "endTime": "2025-04-15T18:00:00+08:00",
         "parameter": {
          "parameterName": "20",
          "parameterUnit": "百分比"
         }
        },
        {
         "startTime": "2025-04-15T18:00:00+08:00",
         "endTime": "2025-04-16T06:00:00+08:00",
         "parameter": {
          "parameterName": "20",
          "parameterUnit": "百分比"
         }
        },
        {
         "startTime": "2025-04-16T06:00:00+08:00",
         "endTime": "2025-04-16T18:00:00+08:00",
         "parameter": {
          "parameterName": "20",
          "parameterUnit": "百分比"
         }
        }
       ]
      }
     ]
    },
    {
     "locationName": "新竹縣",
     "weatherElement": [
      {
       "elementName": "Wx",
       "time": [
        {
         "startTime": "2025-04-15T06:00:00+08:00",
         "endTime": "2025-04-15T18:00:00+08:00",
         "parameter": {
          "parameterName": "晴時多雲",
          "parameterValue": "2"
         }
        },
        {
         "startTime": "2025-04-15T18:00:00+08:00",
         "endTime": "2025-04-16T06:00:00+08:00",
         "parameter": {
          "parameterName": "晴時多雲",
          "parameterValue": "2"
         }
        },
        {
         "startTime": "2025-04-16T06:00:00+08:00",
         "endTime": "2025-04-16T18:00:00+08:00",
         "parameter": {
          "parameterName": "晴時多雲",
          "parameterValue": "2"
         }
        }
       ]
      },
      {
       "elementName": "MaxT",
       "time": [
        {
         "startTime": "2025-04-15T06:00:00+08:00",
         "endTime": "2025-04-15T18:00:00+08:00",
         "parameter": {
          "parameterName": "27",
          "parameterUnit": "C"
         }
        },
        {
         "startTime": "2025-04-15T18:00:00+08:00",
         "endTime": "2025-04-16T06:00:00+08:00",
         "parameter": {
          "parameterName": "23",
          "parameterUnit": "C"
         }
        },
        {
         "startTime": "2025-04-16T06:00:00+08:00",
         "endTime": "2025-04-16T18:00:00+08:00",
         "parameter": {
          "parameterName": "27",
          "parameterUnit": "C"
         }
        }
       ]
      },
      {
       "elementName": "MinT",
       "time": [
        {
         "startTime": "2025-04-15T06:00:00+08:00",
         "endTime": "2025-04-15T18:00:00+08:00",
         "parameter": {
          "parameterName": "17",
          "parameterUnit": "C"
         }
        },
        {
         "startTime": "2025-04-15T18:00:00+08:00",
         "endTime": "2025-04-16T06:00:00+08:00",
         "parameter": {
          "parameterName": "16",
          "parameterUnit": "C"
         }
        },
        {
         "startTime": "2025-04-16T06:00:00+08:00",
         "endTime": "2025-04-16T18:00:00+08:00",
         "parameter": {
          "parameterName": "16",
          "parameterUnit": "C"
         }
        }
       ]
      },
      {
       "elementName": "CI",
       "time": [
        {
         "startTime": "2025-04-15T06:00:00+08:00",
         "endTime": "2025-04-15T18:00:00+08:00",
         "parameter": {
          "parameterName": "稍有寒意至舒適"
         }
        },
        {
         "startTime": "2025-04-15T18:00:00+08:00",
         "endTime": "2025-04-16T06:00:00+08:00",
         "parameter": {
          "parameterName": "稍有寒意至舒適"
         }
        },
        {
         "startTime": "2025-04-16T06:00:00+08:00",
         "endTime": "2025-04-16T18:00:00+08:00",
         "parameter": {
          "parameterName": "稍有寒意至舒適"
         }
        }
       ]
      },
      {
       "elementName": "PoP",
       "time": [
        {
         "startTime": "2025-04-15T06:00:00+08:00",
         "endTime": "2025-04-15T18:00:00+08:00",
         "parameter": {
          "parameterName": "0",
          "parameterUnit": "百分比"
         }
        },
        {
         "startTime": "2025-04-15T18:00:00+08:00",
         "endTime": "2025-04-16T06:00:00+08:00",
         "parameter": {
          "parameterName": "0",
          "parameterUnit": "百分比"
         }
        },
        {
         "startTime": "2025-04-16T06:00:00+08:00",
         "endTime": "2025-04-16T18:00:00+08:00",
         "parameter": {
          "parameterName": "0",
          "parameterUnit": "百分比"
         }
        }
       ]
      }
     ]
    },
    {
     "locationName": "新竹市",
     "weatherElement": [
      {
       "elementName": "Wx",
       "time": [
        {
         "startTime": "2025-04-15T06:00:00+08:00",
         "endTime": "2025-04-15T18:00:00+08:00",
         "parameter": {
          "parameterName": "晴時多雲",
          "parameterValue": "2"
         }
        },
        {
         "startTime": "2025-04-15T18:00:00+08:00",
         "endTime": "2025-04-16T06:00:00+08:00",
         "parameter": {
          "parameterName": "晴時多雲",
          "parameterValue": "2"
         }
        },
        {
         "startTime": "2025-04-16T06:00:00+08:00",
         "endTime": "2025-04-16T18:00:00+08:00",
         "parameter": {
          "parameterName": "晴時多雲",
          "parameterValue": "2"
         }
        }
       ]
      },
      {
       "elementName": "MaxT",
       "time": [
        {
         "startTime": "2025-04-15T06:00:00+08:00",
         "endTime": "2025-04-15T18:00:00+08:00",
         "parameter": {
          "parameterName": "27",
          "parameterUnit": "C"
         }
        },
        {
         "startTime": "2025-04-15T18:00:00+08:00",
         "endTime": "2025-04-16T06:00:00+08:00",
         "parameter": {
          "parameterName": "24",
          "parameterUnit": "C"
         }
        },
        {
         "startTime": "2025-04-16T06:00:00+08:00",
         "endTime": "2025-04-16T18:00:00+08:00",
         "parameter": {
          "parameterName": "27",
          "parameterUnit": "C"
         }
        }
       ]
      },
      {
       "elementName": "MinT",
       "time": [
        {
         "startTime": "2025-04-15T06:00:00+08:00",
         "endTime": "2025-04-15T18:00:00+08:00",
         "parameter": {
          "parameterName": "18",
          "parameterUnit": "C"
         }
        },
        {
         "startTime": "2025-04-15T18:00:00+08:00",
         "endTime": "2025-04-16T06:00:00+08:00",
         "parameter": {
          "parameterName": "16",
          "parameterUnit": "C"
         }
        },
        {
         "startTime": "2025-04-16T06:00:00+08:00",
         "endTime": "2025-04-16T18:00:00+08:00",
         "parameter": {
          "parameterName": "16",
          "parameterUnit": "C"
         }
        }
       ]
      },
      {
       "elementName": "CI",
       "time": [
        {
         "startTime": "2025-04-15T06:00:00+08:00",
         "endTime": "2025-04-15T18:00:00+08:00",
         "parameter": {
          "parameterName": "稍有寒意至舒適"
         }
        },
        {
         "startTime": "2025-04-15T18:00:00+08:00",
         "endTime": "2025-04-16T06:00:00+08:00",
         "parameter": {
          "parameterName": "稍有寒意至舒適"
         }
        },
        {
         "startTime": "2025-04-16T06:00:00+08:00",
         "endTime": "2025-04-16T18:00:00+08:00",
         "parameter": {
          "parameterName": "稍有寒意至舒適"
         }
        }
       ]
      },
      {
       "elementName": "PoP",
       "time": [
        {
         "startTime": "2025-04-15T06:00:00+08:00",
         "endTime": "2025-04-15T18:00:00+08:00",
         "parameter": {
          "parameterName": "0",
          "parameterUnit": "百分比"
         }
        },
        {
         "startTime": "2025-04-15T18:00:00+08:00",
         "endTime": "2025-04-16T06:00:00+08:00",
         "parameter": {
          "parameterName": "0",
          "parameterUnit": "百分比"
         }
        },
        {
         "startTime": "2025-04-16T06:00:00+08:00",
         "endTime": "2025-04-16T18:00:00+08:00",
         "parameter": {
          "parameterName": "0",
          "parameterUnit": "百分比"
         }
        }
       ]
      }
     ]
    },
    {
     "locationName": "苗栗縣",
     "weatherElement": [
      {
       "elementName": "Wx",
       "time": [
        {
         "startTime": "2025-04-15T06:00:00+08:00",
         "endTime": "2025-04-15T18:00:00+08:00",
         "parameter": {
          "parameterName": "晴時多雲",
          "parameterValue": "2"
         }
        },
        {
         "startTime": "2025-04-15T18:00:00+08:00",
         "endTime": "2025-04-16T06:00:00+08:00",
         "parameter": {
          "parameterName": "晴時多雲",
          "parameterValue": "2"
         }
        },
        {
         "startTime": "2025-04-16T06:00:00+08:00",
         "endTime": "2025-04-16T18:00:00+08:00",
         "parameter": {
          "parameterName": "晴時多雲",
          "parameterValue": "2"
         }
        }
       ]
      },
      {
       "elementName": "MaxT",
       "time": [
        {
         "startTime": "2025-04-15T06:00:00+08:00",
         "endTime": "2025-04-15T18:00:00+08:00",
         "parameter": {
          "parameterName": "27",
          "parameterUnit": "C"
         }
        },
        {
         "startTime": "2025-04-15T18:00:00+08:00",
         "endTime": "2025-04-16T06:00:00+08:00",
         "parameter": {
          "parameterName": "23",
          "parameterUnit": "C"
         }
        },
        {
         "startTime": "2025-04-16T06:00:00+08:00",
         "endTime": "2025-04-16T18:00:00+08:00",
         "parameter": {
          "parameterName": "27",
          "parameterUnit": "C"
         }
        }
       ]
      },
      {
       "elementName": "MinT",
       "time": [
        {
         "startTime": "2025-04-15T06:00:00+08:00",
         "endTime": "2025-04-15T18:00:00+08:00",
         "parameter": {
          "parameterName": "17",
          "parameterUnit": "C"
         }
        },
        {
         "startTime": "2025-04-15T18:00:00+08:00",
         "endTime": "2025-04-16T06:00:00+08:00",
         "parameter": {
          "parameterName": "16",
          "parameterUnit": "C"
         }
        },
        {
         "startTime": "2025-04-16T06:00:00+08:00",
         "endTime": "2025-04-16T18:00:00+08:00",
         "parameter": {
          "parameterName": "16",
          "parameterUnit": "C"
         }
        }
       ]
      },
      {
       "elementName": "CI",
       "time": [
        {
         "startTime": "2025-04-15T06:00:00+08:00",
         "endTime": "2025-04-15T18:00:00+08:00",
         "parameter": {
          "parameterName": "稍有寒意至舒適"
         }
        },
        {
         "startTime": "2025-04-15T18:00:00+08:00",
         "endTime": "2025-04-16T06:00:00+08:00",
         "parameter": {
          "parameterName": "稍有寒意至舒適"
         }
        },
        {
         "startTime": "2025-04-16T06:00:00+08:00",
         "endTime": "2025-04-16T18:00:00+08:00",
         "parameter": {
          "parameterName": "稍有寒意至舒適"
         }
        }
       ]
      },
      {
       "elementName": "PoP",
       "time": [
        {
         "startTime": "2025-04-15T06:00:00+08:00",
         "endTime": "2025-04-15T18:00:00+08:00",
         "parameter": {
          "parameterName": "0",
          "parameterUnit": "百分比"
         }
        },
        {
         "startTime": "2025-04-15T18:00:00+08:00",
         "endTime": "2025-04-16T06:00:00+08:00",
         "parameter": {
          "parameterName": "0",
          "parameterUnit": "百分比"
         }
        },
        {
         "startTime": "2025-04-16T06:00:00+08:00",
         "endTime": "2025-04-16T18:00:00+08:00",
         "parameter": {
          "parameterName": "0",
          "parameterUnit": "百分比"
         }
        }
       ]
      }
     ]
    },
    {
     "locationName": "彰化縣",
     "weatherElement": [
      {
       "elementName": "Wx",
       "time": [
        {
         "startTime": "2025-04-15T06:00:00+08:00",
         "endTime": "2025-04-15T18:00:00+08:00",
         "parameter": {
          "parameterName": "晴時多雲",
          "parameterValue": "2"
         }
        },
        {
         "startTime": "2025-04-15T18:00:00+08:00",
         "endTime": "2025-04-16T06:00:00+08:00",
         "parameter": {
          "parameterName": "晴時多雲",
          "parameterValue": "2"
         }
        },
        {
         "startTime": "2025-04-16T06:00:00+08:00",
         "endTime": "2025-04-16T18:00:00+08:00",
         "parameter": {
          "parameterName": "晴時多雲",
          "parameterValue": "2"
         }
        }
       ]
      },
      {
       "elementName": "MaxT",
       "time": [
        {
         "startTime": "2025-04-15T06:00:00+08:00",
         "endTime": "2025-04-15T18:00:00+08:00",
         "parameter": {
          "parameterName": "29",
          "parameterUnit": "C"
         }
        },
        {
         "startTime": "2025-04-15T18:00:00+08:00",
         "endTime": "2025-04-16T06:00:00+08:00",
         "parameter": {
          "parameterName": "24",
          "parameterUnit": "C"
         }
        },
        {
         "startTime": "2025-04-16T06:00:00+08:00",
         "endTime": "2025-04-16T18:00:00+08:00",
         "parameter": {
          "parameterName": "29",
          "parameterUnit": "C"
         }
        }
       ]
      },
      {
       "elementName": "MinT",
       "time": [
        {
         "startTime": "2025-04-15T06:00:00+08:00",
         "endTime": "2025-04-15T18:00:00+08:00",
         "parameter": {
          "parameterName": "17",
          "parameterUnit": "C"
         }
        },
        {
         "startTime": "2025-04-15T18:00:00+08:00",
         "endTime": "2025-04-16T06:00:00+08:00",
         "parameter": {
          "parameterName": "17",
          "parameterUnit": "C"
         }
        },
        {
         "startTime": "2025-04-16T06:00:00+08:00",
         "endTime": "2025-04-16T18:00:00+08:00",
         "parameter": {
          "parameterName": "17",
          "parameterUnit": "C"
         }
        }
       ]
      },
      {
       "elementName": "CI",
       "time": [
        {
         "startTime": "2025-04-15T06:00:00+08:00",
         "endTime": "2025-04-15T18:00:00+08:00",
         "parameter": {
          "parameterName": "稍有寒意至舒適"
         }
        },
        {
         "startTime": "2025-04-15T18:00:00+08:00",
         "endTime": "2025-04-16T06:00:00+08:00",
         "parameter": {
          "parameterName": "稍有寒意至舒適"
         }
        },
        {
         "startTime": "2025-04-16T06:00:00+08:00",
         "endTime": "2025-04-16T18:00:00+08:00",
         "parameter": {
          "parameterName": "稍有寒意至舒適"
         }
        }
       ]
      },
      {
       "elementName": "PoP",
       "time": [
        {
         "startTime": "2025-04-15T06:00:00+08:00",
         "endTime": "2025-04-15T18:00:00+08:00",
         "parameter": {
          "parameterName": "0",
          "parameterUnit": "百分比"
         }
        },
        {
         "startTime": "2025-04-15T18:00:00+08:00",
         "endTime": "2025-04-16T06:00:00+08:00",
         "parameter": {
          "parameterName": "0",
          "parameterUnit": "百分比"
         }
        },
        {
         "startTime": "2025-04-16T06:00:00+08:00",
         "endTime": "2025-04-16T18:00:00+08:00",
         "parameter": {
          "parameterName": "0",
          "parameterUnit": "百分比"
         }
        }
       ]
      }
     ]
    },
    {
     "locationName": "南投縣",
     "weatherElement": [
      {
       "elementName": "Wx",
       "time": [
        {
         "startTime": "2025-04-15T06:00:00+08:00",
         "endTime": "2025-04-15T18:00:00+08:00",
         "parameter": {
          "parameterName": "晴時多雲",
          "parameterValue": "2"
         }
        },
        {
         "startTime": "2025-04-15T18:00:00+08:00",
         "endTime": "2025-04-16T06:00:00+08:00",
         "parameter": {
          "parameterName": "晴時多雲",
          "parameterValue": "2"
         }
        },
        {
         "startTime": "2025-04-16T06:00:00+08:00",
         "endTime": "2025-04-16T18:00:00+08:00",
         "parameter": {
          "parameterName": "多雲時晴",
          "parameterValue": "3"
         }
        }
       ]
      },
      {
       "elementName": "MaxT",
       "time": [
        {
         "startTime": "2025-04-15T06:00:00+08:00",
         "endTime": "2025-04-15T18:00:00+08:00",
         "parameter": {
          "parameterName": "29",
          "parameterUnit": "C"
         }
        },
        {
         "startTime": "2025-04-15T18:00:00+08:00",
         "endTime": "2025-04-16T06:00:00+08:00",
         "parameter": {
          "parameterName": "25",
          "parameterUnit": "C"
         }
        },
        {
         "startTime": "2025-04-16T06:00:00+08:00",
         "endTime": "2025-04-16T18:00:00+08:00",
         "parameter": {
          "parameterName": "29",
          "parameterUnit": "C"
         }
        }
       ]
      },
      {
       "elementName": "MinT",
       "time": [
        {
         "startTime": "2025-04-15T06:00:00+08:00",
         "endTime": "2025-04-15T18:00:00+08:00",
         "parameter": {
          "parameterName": "15",
          "parameterUnit": "C"
         }
        },
        {
         "startTime": "2025-04-15T18:00:00+08:00",
         "endTime": "2025-04-16T06:00:00+08:00",
         "parameter": {
          "parameterName": "15",
          "parameterUnit": "C"
         }
        },
        {
         "startTime": "2025-04-16T06:00:00+08:00",
         "endTime": "2025-04-16T18:00:00+08:00",
         "parameter": {
          "parameterName": "15",
          "parameterUnit": "C"
         }
        }
       ]
      },
      {
       "elementName": "CI",
       "time": [
        {
         "startTime": "2025-04-15T06:00:00+08:00",
         "endTime": "2025-04-15T18:00:00+08:00",
         "parameter": {
          "parameterName": "寒冷至舒適"
         }
        },
        {
         "startTime": "2025-04-15T18:00:00+08:00",
         "endTime": "2025-04-16T06:00:00+08:00",
         "parameter": {
          "parameterName": "寒冷至舒適"
         }
        },
        {
         "startTime": "2025-04-16T06:00:00+08:00",
         "endTime": "2025-04-16T18:00:00+08:00",
         "parameter": {
          "parameterName": "寒冷至舒適"
         }
        }
       ]
      },
      {
       "elementName": "PoP",
       "time": [
        {
         "startTime": "2025-04-15T06:00:00+08:00",
         "endTime": "2025-04-15T18:00:00+08:00",
         "parameter": {
          "parameterName": "0",
          "parameterUnit": "百分比"
         }
        },
        {
         "startTime": "2025-04-15T18:00:00+08:00",
         "endTime": "2025-04-16T06:00:00+08:00",
         "parameter": {
          "parameterName": "0",
          "parameterUnit": "百分比"
         }
        },
        {
         "startTime": "2025-04-16T06:00:00+08:00",
         "endTime": "2025-04-16T18:00:00+08:00",
         "parameter": {
          "parameterName": "0",
          "parameterUnit": "百分比"
         }
        }
       ]
      }
     ]
    },
    {
     "locationName": "雲林縣",
     "weatherElement": [
      {
       "elementName": "Wx",
       "time": [
        {
         "startTime": "2025-04-15T06:00:00+08:00",
         "endTime": "2025-04-15T18:00:00+08:00",
         "parameter": {
          "parameterName": "晴時多雲",
          "parameterValue": "2"
         }
        },
        {
         "startTime": "2025-04-15T18:00:00+08:00",
         "endTime": "2025-04-16T06:00:00+08:00",
         "parameter": {
          "parameterName": "晴時多雲",
          "parameterValue": "2"
         }
        },
        {
         "startTime": "2025-04-16T06:00:00+08:00",
         "endTime": "2025-04-16T18:00:00+08:00",
         "parameter": {
          "parameterName": "多雲時晴",
          "parameterValue": "3"
         }
        }
       ]
      },
      {
       "elementName": "MaxT",
       "time": [
        {
         "startTime": "2025-04-15T06:00:00+08:00",
         "endTime": "2025-04-15T18:00:00+08:00",
         "parameter": {
          "parameterName": "29",
          "parameterUnit": "C"
         }
        },
        {
         "startTime": "2025-04-15T18:00:00+08:00",
         "endTime": "2025-04-16T06:00:00+08:00",
         "parameter": {
          "parameterName": "24",
          "parameterUnit": "C"
         }
        },
        {
         "startTime": "2025-04-16T06:00:00+08:00",
         "endTime": "2025-04-16T18:00:00+08:00",
         "parameter": {
          "parameterName": "29",
          "parameterUnit": "C"
         }
        }
       ]
      },
      {
       "elementName": "MinT",
       "time": [
        {
         "startTime": "2025-04-15T06:00:00+08:00",
         "endTime": "2025-04-15T18:00:00+08:00",
         "parameter": {
          "parameterName": "16",
          "parameterUnit": "C"
         }
        },
        {
         "startTime": "2025-04-15T18:00:00+08:00",
         "endTime": "2025-04-16T06:00:00+08:00",
         "parameter": {
          "parameterName": "16",
          "parameterUnit": "C"
         }
        },
        {
         "startTime": "2025-04-16T06:00:00+08:00",
         "endTime": "2025-04-16T18:00:00+08:00",
         "parameter": {
          "parameterName": "16",
          "parameterUnit": "C"
         }
        }
       ]
      },
      {
       "elementName": "CI",
       "time": [
        {
         "startTime": "2025-04-15T06:00:00+08:00",
         "endTime": "2025-04-15T18:00:00+08:00",
         "parameter": {
          "parameterName": "寒冷至舒適"
         }
        },
        {
         "startTime": "2025-04-15T18:00:00+08:00",
         "endTime": "2025-04-16T06:00:00+08:00",
         "parameter": {
          "parameterName": "稍有寒意至舒適"
         }
        },
        {
         "startTime": "2025-04-16T06:00:00+08:00",
         "endTime": "2025-04-16T18:00:00+08:00",
         "parameter": {
          "parameterName": "稍有寒意至舒適"
         }
        }
       ]
      },
      {
       "elementName": "PoP",
       "time": [
        {
         "startTime": "2025-04-15T06:00:00+08:00",
         "endTime": "2025-04-15T18:00:00+08:00",
         "parameter": {
          "parameterName": "0",
          "parameterUnit": "百分比"
         }
        },
        {
         "startTime": "2025-04-15T18:00:00+08:00",
         "endTime": "2025-04-16T06:00:00+08:00",
         "parameter": {
          "parameterName": "0",
          "parameterUnit": "百分比"
         }
        },
        {
         "startTime": "2025-04-16T06:00:00+08:00",
         "endTime": "2025-04-16T18:00:00+08:00",
         "parameter": {
          "parameterName": "0",
          "parameterUnit": "百分比"
         }
        }
       ]
      }
     ]
    },
    {
     "locationName": "嘉義縣",
     "weatherElement": [
      {
       "elementName": "Wx",
       "time": [
        {
         "startTime": "2025-04-15T06:00:00+08:00",
         "endTime": "2025-04-15T18:00:00+08:00",
         "parameter": {
          "parameterName": "晴時多雲",
          "parameterValue": "2"
         }
        },
        {
         "startTime": "2025-04-15T18:00:00+08:00",
         "endTime": "2025-04-16T06:00:00+08:00",
         "parameter": {
          "parameterName": "晴時多雲",
          "parameterValue": "2"
         }
        },
        {
         "startTime": "2025-04-16T06:00:00+08:00",
         "endTime": "2025-04-16T18:00:00+08:00",
         "parameter": {
          "parameterName": "多雲時晴",
          "parameterValue": "3"
         }
        }
       ]
      },
      {
       "elementName": "MaxT",
       "time": [
        {
         "startTime": "2025-04-15T06:00:00+08:00",
         "endTime": "2025-04-15T18:00:00+08:00",
         "parameter": {
          "parameterName": "29",
          "parameterUnit": "C"
         }
        },
        {
         "startTime": "2025-04-15T18:00:00+08:00",
         "endTime": "2025-04-16T06:00:00+08:00",
         "parameter": {
          "parameterName": "24",
          "parameterUnit": "C"
         }
        },
        {
         "startTime": "2025-04-16T06:00:00+08:00",
         "endTime": "2025-04-16T18:00:00+08:00",
         "parameter": {
          "parameterName": "29",
          "parameterUnit": "C"
         }
        }
       ]
      },
      {
       "elementName": "MinT",
       "time": [
        {
         "startTime": "2025-04-15T06:00:00+08:00",
         "endTime": "2025-04-15T18:00:00+08:00",
         "parameter": {
          "parameterName": "16",
          "parameterUnit": "C"
         }
        },
        {
         "startTime": "2025-04-15T18:00:00+08:00",
         "endTime": "2025-04-16T06:00:00+08:00",
         "parameter": {
          "parameterName": "16",
          "parameterUnit": "C"
         }
        },
        {
         "startTime": "2025-04-16T06:00:00+08:00",
         "endTime": "2025-04-16T18:00:00+08:00",
         "parameter": {
          "parameterName": "16",
          "parameterUnit": "C"
         }
        }
       ]
      },
      {
       "elementName": "CI",
       "time": [
        {
         "startTime": "2025-04-15T06:00:00+08:00",
         "endTime": "2025-04-15T18:00:00+08:00",
         "parameter": {
          "parameterName": "稍有寒意至舒適"
         }
        },
        {
         "startTime": "2025-04-15T18:00:00+08:00",
         "endTime": "2025-04-16T06:00:00+08:00",
         "parameter": {
          "parameterName": "稍有寒意至舒適"
         }
        },
        {
         "startTime": "2025-04-16T06:00:00+08:00",
         "endTime": "2025-04-16T18:00:00+08:00",
         "parameter": {
          "parameterName": "稍有寒意至舒適"
         }
        }
       ]
      },
      {
       "elementName": "PoP",
       "time": [
        {
         "startTime": "2025-04-15T06:00:00+08:00",
         "endTime": "2025-04-15T18:00:00+08:00",
         "parameter": {
          "parameterName": "0",
          "parameterUnit": "百分比"
         }
        },
        {
         "startTime": "2025-04-15T18:00:00+08:00",
         "endTime": "2025-04-16T06:00:00+08:00",
         "parameter": {
          "parameterName": "0",
          "parameterUnit": "百分比"
         }
        },
        {
         "startTime": "2025-04-16T06:00:00+08:00",
         "endTime": "2025-04-16T18:00:00+08:00",
         "parameter": {
          "parameterName": "0",
          "parameterUnit": "百分比"
         }
        }
       ]
      }
     ]
    },
    {
     "locationName": "嘉義市",
     "weatherElement": [
      {
       "elementName": "Wx",
       "time": [
        {
         "startTime": "2025-04-15T06:00:00+08:00",
         "endTime": "2025-04-15T18:00:00+08:00",
         "parameter": {
          "parameterName": "晴時多雲",
          "parameterValue": "2"
         }
        },
        {
         "startTime": "2025-04-15T18:00:00+08:00",
         "endTime": "2025-04-16T06:00:00+08:00",
         "parameter": {
          "parameterName": "晴時多雲",
          "parameterValue": "2"
         }
        },
        {
         "startTime": "2025-04-16T06:00:00+08:00",
         "endTime": "2025-04-16T18:00:00+08:00",
         "parameter": {
          "parameterName": "多雲時晴",
          "parameterValue": "3"
         }
        }
       ]
      },
      {
       "elementName": "MaxT",
       "time": [
        {
         "startTime": "2025-04-15T06:00:00+08:00",
         "endTime": "2025-04-15T18:00:00+08:00",
         "parameter": {
          "parameterName": "29",
          "parameterUnit": "C"
         }
        },
        {
         "startTime": "2025-04-15T18:00:00+08:00",
         "endTime": "2025-04-16T06:00:00+08:00",
         "parameter": {
          "parameterName": "24",
          "parameterUnit": "C"
         }
        },
        {
         "startTime": "2025-04-16T06:00:00+08:00",
         "endTime": "2025-04-16T18:00:00+08:00",
         "parameter": {
          "parameterName": "30",
          "parameterUnit": "C"
         }
        }
       ]
      },
      {
       "elementName": "MinT",
       "time": [
        {
         "startTime": "2025-04-15T06:00:00+08:00",
         "endTime": "2025-04-15T18:00:00+08:00",
         "parameter": {
          "parameterName": "16",
          "parameterUnit": "C"
         }
        },
        {
         "startTime": "2025-04-15T18:00:00+08:00",
         "endTime": "2025-04-16T06:00:00+08:00",
         "parameter": {
          "parameterName": "16",
          "parameterUnit": "C"
         }
        },
        {
         "startTime": "2025-04-16T06:00:00+08:00",
         "endTime": "2025-04-16T18:00:00+08:00",
         "parameter": {
          "parameterName": "16",
          "parameterUnit": "C"
         }
        }
       ]
      },
      {
       "elementName": "CI",
       "time": [
        {
         "startTime": "2025-04-15T06:00:00+08:00",
         "endTime": "2025-04-15T18:00:00+08:00",
         "parameter": {
          "parameterName": "寒冷至舒適"
         }
        },
        {
         "startTime": "2025-04-15T18:00:00+08:00",
         "endTime": "2025-04-16T06:00:00+08:00",
         "parameter": {
          "parameterName": "稍有寒意至舒適"
         }
        },
        {
         "startTime": "2025-04-16T06:00:00+08:00",
         "endTime": "2025-04-16T18:00:00+08:00",
         "parameter": {
          "parameterName": "稍有寒意至舒適"
         }
        }
       ]
      },
      {
       "elementName": "PoP",
       "time": [
        {
         "startTime": "2025-04-15T06:00:00+08:00",
         "endTime": "2025-04-15T18:00:00+08:00",
         "parameter": {
          "parameterName": "0",
          "parameterUnit": "百分比"
         }
        },
        {
         "startTime": "2025-04-15T18:00:00+08:00",
         "endTime": "2025-04-16T06:00:00+08:00",
         "parameter": {
          "parameterName": "0",
          "parameterUnit": "百分比"
         }
        },
        {
         "startTime": "2025-04-16T06:00:00+08:00",
         "endTime": "2025-04-16T18:00:00+08:00",
         "parameter": {
          "parameterName": "0",
          "parameterUnit": "百分比"
         }
        }
       ]
      }
     ]
    },
    {
     "locationName": "屏東縣",
     "weatherElement": [
      {
       "elementName": "Wx",
       "time": [
        {
         "startTime": "2025-04-15T06:00:00+08:00",
         "endTime": "2025-04-15T18:00:00+08:00",
         "parameter": {
          "parameterName": "多雲",
          "parameterValue": "4"
         }
        },
        {
         "startTime": "2025-04-15T18:00:00+08:00",
         "endTime": "2025-04-16T06:00:00+08:00",
         "parameter": {
          "parameterName": "晴時多雲",
          "parameterValue": "2"
         }
        },
        {
         "startTime": "2025-04-16T06:00:00+08:00",
         "endTime": "2025-04-16T18:00:00+08:00",
         "parameter": {
          "parameterName": "晴時多雲",
          "parameterValue": "2"
         }
        }
       ]
      },
      {
       "elementName": "MaxT",
       "time": [
        {
         "startTime": "2025-04-15T06:00:00+08:00",
         "endTime": "2025-04-15T18:00:00+08:00",
         "parameter": {
          "parameterName": "30",
          "parameterUnit": "C"
         }
        },
        {
         "startTime": "2025-04-15T18:00:00+08:00",
         "endTime": "2025-04-16T06:00:00+08:00",
         "parameter": {
          "parameterName": "27",
          "parameterUnit": "C"
         }
        },
        {
         "startTime": "2025-04-16T06:00:00+08:00",
         "endTime": "2025-04-16T18:00:00+08:00",
         "parameter": {
          "parameterName": "30",
          "parameterUnit": "C"
         }
        }
       ]
      },
      {
       "elementName": "MinT",
       "time": [
        {
         "startTime": "2025-04-15T06:00:00+08:00",
         "endTime": "2025-04-15T18:00:00+08:00",
         "parameter": {
          "parameterName": "18",
          "parameterUnit": "C"
         }
        },
        {
         "startTime": "2025-04-15T18:00:00+08:00",
         "endTime": "2025-04-16T06:00:00+08:00",
         "parameter": {
          "parameterName": "19",
          "parameterUnit": "C"
         }
        },
        {
         "startTime": "2025-04-16T06:00:00+08:00",
         "endTime": "2025-04-16T18:00:00+08:00",
         "parameter": {
          "parameterName": "19",
          "parameterUnit": "C"
         }
        }
       ]
      },
      {
       "elementName": "CI",
       "time": [
        {
         "startTime": "2025-04-15T06:00:00+08:00",
         "endTime": "2025-04-15T18:00:00+08:00",
         "parameter": {
          "parameterName": "稍有寒意至舒適"
         }
        },
        {
         "startTime": "2025-04-15T18:00:00+08:00",
         "endTime": "2025-04-16T06:00:00+08:00",
         "parameter": {
          "parameterName": "稍有寒意至舒適"
         }
        },
        {
         "startTime": "2025-04-16T06:00:00+08:00",
         "endTime": "2025-04-16T18:00:00+08:00",
         "parameter": {
          "parameterName": "稍有寒意至舒適"
         }
        }
       ]
      },
      {
       "elementName": "PoP",
       "time": [
        {
         "startTime": "2025-04-15T06:00:00+08:00",
         "endTime": "2025-04-15T18:00:00+08:00",
         "parameter": {
          "parameterName": "0",
          "parameterUnit": "百分比"
         }
        },
        {
         "startTime": "2025-04-15T18:00:00+08:00",
         "endTime": "2025-04-16T06:00:00+08:00",
         "parameter": {
          "parameterName": "0",
          "parameterUnit": "百分比"
         }
        },
        {
         "startTime": "2025-04-16T06:00:00+08:00",
         "endTime": "2025-04-16T18:00:00+08:00",
         "parameter": {
          "parameterName": "0",
          "parameterUnit": "百分比"
         }
        }
       ]
      }
     ]
    },
    {
     "locationName": "宜蘭縣",
     "weatherElement": [
      {
       "elementName": "Wx",
       "time": [
        {
         "startTime": "2025-04-15T06:00:00+08:00",
         "endTime": "2025-04-15T18:00:00+08:00",
         "parameter": {
          "parameterName": "晴時多雲",
          "parameterValue": "2"
         }
        },
        {
         "startTime": "2025-04-15T18:00:00+08:00",
         "endTime": "2025-04-16T06:00:00+08:00",
         "parameter": {
          "parameterName": "晴時多雲",
          "parameterValue": "2"
         }
        },
        {
         "startTime": "2025-04-16T06:00:00+08:00",
         "endTime": "2025-04-16T18:00:00+08:00",
         "parameter": {
          "parameterName": "晴時多雲",
          "parameterValue": "2"
         }
        }
       ]
      },
      {
       "elementName": "MaxT",
       "time": [
        {
         "startTime": "2025-04-15T06:00:00+08:00",
         "endTime": "2025-04-15T18:00:00+08:00",
         "parameter": {
          "parameterName": "25",
          "parameterUnit": "C"
         }
        },
        {
         "startTime": "2025-04-15T18:00:00+08:00",
         "endTime": "2025-04-16T06:00:00+08:00",
         "parameter": {
          "parameterName": "21",
          "parameterUnit": "C"
         }
        },
        {
         "startTime": "2025-04-16T06:00:00+08:00",
         "endTime": "2025-04-16T18:00:00+08:00",
         "parameter": {
          "parameterName": "26",
          "parameterUnit": "C"
         }
        }
       ]
      },
      {
       "elementName": "MinT",
       "time": [
        {
         "startTime": "2025-04-15T06:00:00+08:00",
         "endTime": "2025-04-15T18:00:00+08:00",
         "parameter": {
          "parameterName": "17",
          "parameterUnit": "C"
         }
        },
        {
         "startTime": "2025-04-15T18:00:00+08:00",
         "endTime": "2025-04-16T06:00:00+08:00",
         "parameter": {
          "parameterName": "16",
          "parameterUnit": "C"
         }
        },
        {
         "startTime": "2025-04-16T06:00:00+08:00",
         "endTime": "2025-04-16T18:00:00+08:00",
         "parameter": {
          "parameterName": "16",
          "parameterUnit": "C"
         }
        }
       ]
      },
      {
       "elementName": "CI",
       "time": [
        {
         "startTime": "2025-04-15T06:00:00+08:00",
         "endTime": "2025-04-15T18:00:00+08:00",
         "parameter": {
          "parameterName": "稍有寒意至舒適"
         }
        },
        {
         "startTime": "2025-04-15T18:00:00+08:00",
         "endTime": "2025-04-16T06:00:00+08:00",
         "parameter": {
          "parameterName": "稍有寒意至舒適"
         }
        },
        {
         "startTime": "2025-04-16T06:00:00+08:00",
         "endTime": "2025-04-16T18:00:00+08:00",
         "parameter": {
          "parameterName": "稍有寒意至舒適"
         }
        }
       ]
      },
      {
       "elementName": "PoP",
       "time": [
        {
         "startTime": "2025-04-15T06:00:00+08:00",
         "endTime": "2025-04-15T18:00:00+08:00",
         "parameter": {
          "parameterName": "20",
          "parameterUnit": "百分比"
         }
        },
        {
         "startTime": "2025-04-15T18:00:00+08:00",
         "endTime": "2025-04-16T06:00:00+08:00",
         "parameter": {
          "parameterName": "20",
          "parameterUnit": "百分比"
         }
        },
        {
         "startTime": "2025-04-16T06:00:00+08:00",
         "endTime": "2025-04-16T18:00:00+08:00",
         "parameter": {
          "parameterName": "20",
          "parameterUnit": "百分比"
         }
        }
       ]
      }
     ]
    },
    {
     "locationName": "花蓮縣",
     "weatherElement": [
      {
       "elementName": "Wx",
       "time": [
        {
         "startTime": "2025-04-15T06:00:00+08:00",
         "endTime": "2025-04-15T18:00:00+08:00",
         "parameter": {
          "parameterName": "多雲",
          "parameterValue": "4"
         }
        },
        {
         "startTime": "2025-04-15T18:00:00+08:00",
         "endTime": "2025-04-16T06:00:00+08:00",
         "parameter": {
          "parameterName": "多雲",
          "parameterValue": "4"
         }
        },
        {
         "startTime": "2025-04-16T06:00:00+08:00",
         "endTime": "2025-04-16T18:00:00+08:00",
         "parameter": {
          "parameterName": "多雲短暫雨",
          "parameterValue": "8"
         }
        }
       ]
      },
      {
       "elementName": "MaxT",
       "time": [
        {
         "startTime": "2025-04-15T06:00:00+08:00",
         "endTime": "2025-04-15T18:00:00+08:00",
         "parameter": {
          "parameterName": "25",
          "parameterUnit": "C"
         }
        },
        {
         "startTime": "2025-04-15T18:00:00+08:00",
         "endTime": "2025-04-16T06:00:00+08:00",
         "parameter": {
          "parameterName": "22",
          "parameterUnit": "C"
         }
        },
        {
         "startTime": "2025-04-16T06:00:00+08:00",
         "endTime": "2025-04-16T18:00:00+08:00",
         "parameter": {
          "parameterName": "25",
          "parameterUnit": "C"
         }
        }
       ]
      },
      {
       "elementName": "MinT",
       "time": [
        {
         "startTime": "2025-04-15T06:00:00+08:00",
         "endTime": "2025-04-15T18:00:00+08:00",
         "parameter": {
          "parameterName": "18",
          "parameterUnit": "C"
         }
        },
        {
         "startTime": "2025-04-15T18:00:00+08:00",
         "endTime": "2025-04-16T06:00:00+08:00",
         "parameter": {
          "parameterName": "18",
          "parameterUnit": "C"
         }
        },
        {
         "startTime": "2025-04-16T06:00:00+08:00",
         "endTime": "2025-04-16T18:00:00+08:00",
         "parameter": {
          "parameterName": "18",
          "parameterUnit": "C"
         }
        }
       ]
      },
      {
       "elementName": "CI",
       "time": [
        {
         "startTime": "2025-04-15T06:00:00+08:00",
         "endTime": "2025-04-15T18:00:00+08:00",
         "parameter": {
          "parameterName": "稍有寒意至舒適"
         }
        },
        {
         "startTime": "2025-04-15T18:00:00+08:00",
         "endTime": "2025-04-16T06:00:00+08:00",
         "parameter": {
          "parameterName": "稍有寒意至舒適"
         }
        },
        {
         "startTime": "2025-04-16T06:00:00+08:00",
         "endTime": "2025-04-16T18:00:00+08:00",
         "parameter": {
          "parameterName": "稍有寒意至舒適"
         }
        }
       ]
      },
      {
       "elementName": "PoP",
       "time": [
        {
         "startTime": "2025-04-15T06:00:00+08:00",
         "endTime": "2025-04-15T18:00:00+08:00",
         "parameter": {
          "parameterName": "20",
          "parameterUnit": "百分比"
         }
        },
        {
         "startTime": "2025-04-15T18:00:00+08:00",
         "endTime": "2025-04-16T06:00:00+08:00",
         "parameter": {
          "parameterName": "20",
          "parameterUnit": "百分比"
         }
        },
        {
         "startTime": "2025-04-16T06:00:00+08:00",
         "endTime": "2025-04-16T18:00:00+08:00",
         "parameter": {
          "parameterName": "30",
          "parameterUnit": "百分比"
         }
        }
       ]
      }
     ]
    },
    {
     "locationName": "臺東縣",
     "weatherElement": [
      {
       "elementName": "Wx",
       "time": [
        {
         "startTime": "2025-04-15T06:00:00+08:00",
         "endTime": "2025-04-15T18:00:00+08:00",
         "parameter": {
          "parameterName": "多雲時陰",
          "parameterValue": "5"
         }
        },
        {
         "startTime": "2025-04-15T18:00:00+08:00",
         "endTime": "2025-04-16T06:00:00+08:00",
         "parameter": {
          "parameterName": "多雲時陰",
          "parameterValue": "5"
         }
        },
        {
         "startTime": "2025-04-16T06:00:00+08:00",
         "endTime": "2025-04-16T18:00:00+08:00",
         "parameter": {
          "parameterName": "晴時多雲",
          "parameterValue": "2"
         }
        }
       ]
      },
      {
       "elementName": "MaxT",
       "time": [
        {
         "startTime": "2025-04-15T06:00:00+08:00",
         "endTime": "2025-04-15T18:00:00+08:00",
         "parameter": {
          "parameterName": "26",
          "parameterUnit": "C"
         }
        },
        {
         "startTime": "2025-04-15T18:00:00+08:00",
         "endTime": "2025-04-16T06:00:00+08:00",
         "parameter": {
          "parameterName": "23",
          "parameterUnit": "C"
         }
        },
        {
         "startTime": "2025-04-16T06:00:00+08:00",
         "endTime": "2025-04-16T18:00:00+08:00",
         "parameter": {
          "parameterName": "25",
          "parameterUnit": "C"
         }
        }
       ]
      },
      {
       "elementName": "MinT",
       "time": [
        {
         "startTime": "2025-04-15T06:00:00+08:00",
         "endTime": "2025-04-15T18:00:00+08:00",
         "parameter": {
          "parameterName": "18",
          "parameterUnit": "C"
         }
        },
        {
         "startTime": "2025-04-15T18:00:00+08:00",
         "endTime": "2025-04-16T06:00:00+08:00",
         "parameter": {
          "parameterName": "19",
          "parameterUnit": "C"
         }
        },
        {
         "startTime": "2025-04-16T06:00:00+08:00",
         "endTime": "2025-04-16T18:00:00+08:00",
         "parameter": {
          "parameterName": "19",
          "parameterUnit": "C"
         }
        }
       ]
      },
      {
       "elementName": "CI",
       "time": [
        {
         "startTime": "2025-04-15T06:00:00+08:00",
         "endTime": "2025-04-15T18:00:00+08:00",
         "parameter": {
          "parameterName": "稍有寒意至舒適"
         }
        },
        {
         "startTime": "2025-04-15T18:00:00+08:00",
         "endTime": "2025-04-16T06:00:00+08:00",
         "parameter": {
          "parameterName": "稍有寒意至舒適"
         }
        },
        {
         "startTime": "2025-04-16T06:00:00+08:00",
         "endTime": "2025-04-16T18:00:00+08:00",
         "parameter": {
          "parameterName": "稍有寒意至舒適"
         }
        }
       ]
      },
      {
       "elementName": "PoP",
       "time": [
        {
         "startTime": "2025-04-15T06:00:00+08:00",
         "endTime": "2025-04-15T18:00:00+08:00",
         "parameter": {
          "parameterName": "20",
          "parameterUnit": "百分比"
         }
        },
        {
         "startTime": "2025-04-15T18:00:00+08:00",
         "endTime": "2025-04-16T06:00:00+08:00",
         "parameter": {
          "parameterName": "20",
          "parameterUnit": "百分比"
         }
        },
        {
         "startTime": "2025-04-16T06:00:00+08:00",
         "endTime": "2025-04-16T18:00:00+08:00",
         "parameter": {
          "parameterName": "20",
          "parameterUnit": "百分比"
         }
        }
       ]
      }
     ]
    },
    {
     "locationName": "澎湖縣",
     "weatherElement": [
      {
       "elementName": "Wx",
       "time": [
        {
         "startTime": "2025-04-15T06:00:00+08:00",
         "endTime": "2025-04-15T18:00:00+08:00",
         "parameter": {
          "parameterName": "晴時多雲",
          "parameterValue": "2"
         }
        },
        {
         "startTime": "2025-04-15T18:00:00+08:00",
         "endTime": "2025-04-16T06:00:00+08:00",
         "parameter": {
          "parameterName": "晴時多雲",
          "parameterValue": "2"
         }
        },
        {
         "startTime": "2025-04-16T06:00:00+08:00",
         "endTime": "2025-04-16T18:00:00+08:00",
         "parameter": {
          "parameterName": "晴時多雲",
          "parameterValue": "2"
         }
        }
       ]
      },
      {
       "elementName": "MaxT",
       "time": [
        {
         "startTime": "2025-04-15T06:00:00+08:00",
         "endTime": "2025-04-15T18:00:00+08:00",
         "parameter": {
          "parameterName": "28",
          "parameterUnit": "C"
         }
        },
        {
         "startTime": "2025-04-15T18:00:00+08:00",
         "endTime": "2025-04-16T06:00:00+08:00",
         "parameter": {
          "parameterName": "24",
          "parameterUnit": "C"
         }
        },
        {
         "startTime": "2025-04-16T06:00:00+08:00",
         "endTime": "2025-04-16T18:00:00+08:00",
         "parameter": {
          "parameterName": "26",
          "parameterUnit": "C"
         }
        }
       ]
      },
      {
       "elementName": "MinT",
       "time": [
        {
         "startTime": "2025-04-15T06:00:00+08:00",
         "endTime": "2025-04-15T18:00:00+08:00",
         "parameter": {
          "parameterName": "22",
          "parameterUnit": "C"
         }
        },
        {
         "startTime": "2025-04-15T18:00:00+08:00",
         "endTime": "2025-04-16T06:00:00+08:00",
         "parameter": {
          "parameterName": "22",
          "parameterUnit": "C"
         }
        },
        {
         "startTime": "2025-04-16T06:00:00+08:00",
         "endTime": "2025-04-16T18:00:00+08:00",
         "parameter": {
          "parameterName": "22",
          "parameterUnit": "C"
         }
        }
       ]
      },
      {
       "elementName": "CI",
       "time": [
        {
         "startTime": "2025-04-15T06:00:00+08:00",
         "endTime": "2025-04-15T18:00:00+08:00",
         "parameter": {
          "parameterName": "舒適"
         }
        },
        {
         "startTime": "2025-04-15T18:00:00+08:00",
         "endTime": "2025-04-16T06:00:00+08:00",
         "parameter": {
          "parameterName": "舒適"
         }
        },
        {
         "startTime": "2025-04-16T06:00:00+08:00",
         "endTime": "2025-04-16T18:00:00+08:00",
         "parameter": {
          "parameterName": "舒適"
         }
        }
       ]
      },
      {
       "elementName": "PoP",
       "time": [
        {
         "startTime": "2025-04-15T06:00:00+08:00",
         "endTime": "2025-04-15T18:00:00+08:00",
         "parameter": {
          "parameterName": "0",
          "parameterUnit": "百分比"
         }
        },
        {
         "startTime": "2025-04-15T18:00:00+08:00",
         "endTime": "2025-04-16T06:00:00+08:00",
         "parameter": {
          "parameterName": "0",
          "parameterUnit": "百分比"
         }
        },
        {
         "startTime": "2025-04-16T06:00:00+08:00",
         "endTime": "2025-04-16T18:00:00+08:00",
         "parameter": {
          "parameterName": "0",
          "parameterUnit": "百分比"
         }
        }
       ]
      }
     ]
    },
    {
     "locationName": "金門縣",
     "weatherElement": [
      {
       "elementName": "Wx",
       "time": [
        {
         "startTime": "2025-04-15T06:00:00+08:00",
         "endTime": "2025-04-15T18:00:00+08:00",
         "parameter": {
          "parameterName": "晴時多雲",
          "parameterValue": "2"
         }
        },
        {
         "startTime": "2025-04-15T18:00:00+08:00",
         "endTime": "2025-04-16T06:00:00+08:00",
         "parameter": {
          "parameterName": "多雲",
          "parameterValue": "4"
         }
        },
        {
         "startTime": "2025-04-16T06:00:00+08:00",
         "endTime": "2025-04-16T18:00:00+08:00",
         "parameter": {
          "parameterName": "陰時多雲",
          "parameterValue": "6"
         }
        }
       ]
      },
      {
       "elementName": "MaxT",
       "time": [
        {
         "startTime": "2025-04-15T06:00:00+08:00",
         "endTime": "2025-04-15T18:00:00+08:00",
         "parameter": {
          "parameterName": "27",
          "parameterUnit": "C"
         }
        },
        {
         "startTime": "2025-04-15T18:00:00+08:00",
         "endTime": "2025-04-16T06:00:00+08:00",
         "parameter": {
          "parameterName": "22",
          "parameterUnit": "C"
         }
        },
        {
         "startTime": "2025-04-16T06:00:00+08:00",
         "endTime": "2025-04-16T18:00:00+08:00",
         "parameter": {
          "parameterName": "27",
          "parameterUnit": "C"
         }
        }
       ]
      },
      {
       "elementName": "MinT",
       "time": [
        {
         "startTime": "2025-04-15T06:00:00+08:00",
         "endTime": "2025-04-15T18:00:00+08:00",
         "parameter": {
          "parameterName": "18",
          "parameterUnit": "C"
         }
        },
        {
         "startTime": "2025-04-15T18:00:00+08:00",
         "endTime": "2025-04-16T06:00:00+08:00",
         "parameter": {
          "parameterName": "17",
          "parameterUnit": "C"
         }
        },
        {
         "startTime": "2025-04-16T06:00:00+08:00",
         "endTime": "2025-04-16T18:00:00+08:00",
         "parameter": {
          "parameterName": "17",
          "parameterUnit": "C"
         }
        }
       ]
      },
      {
       "elementName": "CI",
       "time": [
        {
         "startTime": "2025-04-15T06:00:00+08:00",
         "endTime": "2025-04-15T18:00:00+08:00",
         "parameter": {
          "parameterName": "稍有寒意至舒適"
         }
        },
        {
         "startTime": "2025-04-15T18:00:00+08:00",
         "endTime": "2025-04-16T06:00:00+08:00",
         "parameter": {
          "parameterName": "稍有寒意至舒適"
         }
        },
        {
         "startTime": "2025-04-16T06:00:00+08:00",
         "endTime": "2025-04-16T18:00:00+08:00",
         "parameter": {
          "parameterName": "稍有寒意至舒適"
         }
        }
       ]
      },
      {
       "elementName": "PoP",
       "time": [
        {
         "startTime": "2025-04-15T06:00:00+08:00",
         "endTime": "2025-04-15T18:00:00+08:00",
         "parameter": {
          "parameterName": "0",
          "parameterUnit": "百分比"
         }
        },
        {
         "startTime": "2025-04-15T18:00:00+08:00",
         "endTime": "2025-04-16T06:00:00+08:00",
         "parameter": {
          "parameterName": "0",
          "parameterUnit": "百分比"
         }
        },
        {
         "startTime": "2025-04-16T06:00:00+08:00",
         "endTime": "2025-04-16T18:00:00+08:00",
         "parameter": {
          "parameterName": "0",
          "parameterUnit": "百分比"
         }
        }
       ]
      }
     ]
    },
    {
     "locationName": "連江縣",
     "weatherElement": [
      {
       "elementName": "Wx",
       "time": [
        {
         "startTime": "2025-04-15T06:00:00+08:00",
         "endTime": "2025-04-15T18:00:00+08:00",
         "parameter": {
          "parameterName": "晴時多雲",
          "parameterValue": "2"
         }
        },
        {
         "startTime": "2025-04-15T18:00:00+08:00",
         "endTime": "2025-04-16T06:00:00+08:00",
         "parameter": {
          "parameterName": "陰時多雲",
          "parameterValue": "6"
         }
        },
        {
         "startTime": "2025-04-16T06:00:00+08:00",
         "endTime": "2025-04-16T18:00:00+08:00",
         "parameter": {
          "parameterName": "陰天",
          "parameterValue": "7"
         }
        }
       ]
      },
      {
       "elementName": "MaxT",
       "time": [
        {
         "startTime": "2025-04-15T06:00:00+08:00",
         "endTime": "2025-04-15T18:00:00+08:00",
         "parameter": {
          "parameterName": "24",
          "parameterUnit": "C"
         }
        },
        {
         "startTime": "2025-04-15T18:00:00+08:00",
         "endTime": "2025-04-16T06:00:00+08:00",
         "parameter": {
          "parameterName": "20",
          "parameterUnit": "C"
         }
        },
        {
         "startTime": "2025-04-16T06:00:00+08:00",
         "endTime": "2025-04-16T18:00:00+08:00",
         "parameter": {
          "parameterName": "25",
          "parameterUnit": "C"
         }
        }
       ]
      },
      {
       "elementName": "MinT",
       "time": [
        {
         "startTime": "2025-04-15T06:00:00+08:00",
         "endTime": "2025-04-15T18:00:00+08:00",
         "parameter": {
          "parameterName": "16",
          "parameterUnit": "C"
         }
        },
        {
         "startTime": "2025-04-15T18:00:00+08:00",
         "endTime": "2025-04-16T06:00:00+08:00",
         "parameter": {
          "parameterName": "17",
          "parameterUnit": "C"
         }
        },
        {
         "startTime": "2025-04-16T06:00:00+08:00",
         "endTime": "2025-04-16T18:00:00+08:00",
         "parameter": {
          "parameterName": "17",
          "parameterUnit": "C"
         }
        }
       ]
      },
      {
       "elementName": "CI",
       "time": [
        {
         "startTime": "2025-04-15T06:00:00+08:00",
         "endTime": "2025-04-15T18:00:00+08:00",
         "parameter": {
          "parameterName": "稍有寒意至舒適"
         }
        },
        {
         "startTime": "2025-04-15T18:00:00+08:00",
         "endTime": "2025-04-16T06:00:00+08:00",
         "parameter": {
          "parameterName": "稍有寒意"
         }
        },
        {
         "startTime": "2025-04-16T06:00:00+08:00",
         "endTime": "2025-04-16T18:00:00+08:00",
         "parameter": {
          "parameterName": "稍有寒意至舒適"
         }
        }
       ]
      },
      {
       "elementName": "PoP",
       "time": [
        {
         "startTime": "2025-04-15T06:00:00+08:00",
         "endTime": "2025-04-15T18:00:00+08:00",
         "parameter": {
          "parameterName": "0",
          "parameterUnit": "百分比"
         }
        },
        {
         "startTime": "2025-04-15T18:00:00+08:00",
         "endTime": "2025-04-16T06:00:00+08:00",
         "parameter": {
          "parameterName": "0",
          "parameterUnit": "百分比"
         }
        },
        {
         "startTime": "2025-04-16T06:00:00+08:00",
         "endTime": "2025-04-16T18:00:00+08:00",
         "parameter": {
          "parameterName": "0",
          "parameterUnit": "百分比"
         }
        }
       ]
      }
     ]
    }
   ]
  }
 }
}